{"swagger":"2.0","info":{"description":"job-launcher provides API for running and managing Fusion spark jobs","version":"5.7.0","title":"Job Launcher Service API","termsOfService":"https://lucidworks.com/legal/developer-license-agreement/","contact":{"name":"Lucidworks","url":"www.lucidworks.com","email":"support@lucidworks.com"},"license":{"name":"License of API","url":"https://lucidworks.com/legal/developer-license-agreement/"}},"host":"FUSION_HOST.com","basePath":"/api/job-launcher","tags":[{"name":"job-launcher-controller","description":"Job Launcher Controller"}],"schemes":["http","https"],"paths":{"/launcher":{"post":{"tags":["job-launcher-controller"],"summary":"Launch a job","operationId":"launchJobUsingPOST","consumes":["application/json"],"produces":["*/*"],"parameters":[{"in":"body","name":"sparkJobConfig","description":"Spark Job Config (JSON)","required":true,"schema":{"$ref":"#/definitions/SparkJobConfigReq"}}],"responses":{"200":{"description":"OK","schema":{"$ref":"#/definitions/SparkJobStatusRes"}},"201":{"description":"Created"},"401":{"description":"Unauthorized"},"403":{"description":"Forbidden"},"404":{"description":"Not Found"}}}},"/launcher/driver/log/{jobId}":{"get":{"tags":["job-launcher-controller"],"summary":"Get last N log lines from default driver","operationId":"getLogsFromDefaultDriverUsingGET","produces":["text/plain"],"parameters":[{"name":"jobId","in":"path","description":"Filter out logs by Spark job name","required":true,"type":"string"},{"name":"rows","in":"query","description":"The number of log lines to read from file","required":false,"type":"integer","default":100,"format":"int32"}],"responses":{"200":{"description":"OK","schema":{"type":"array","items":{"$ref":"#/definitions/LogLine"}}},"401":{"description":"Unauthorized"},"403":{"description":"Forbidden"},"404":{"description":"Not Found"}}}},"/launcher/status":{"get":{"tags":["job-launcher-controller"],"summary":"Get all job status","operationId":"getJobStatusesUsingGET","produces":["*/*"],"responses":{"200":{"description":"OK","schema":{"type":"array","items":{"$ref":"#/definitions/SparkJobStatusRes"}}},"401":{"description":"Unauthorized"},"403":{"description":"Forbidden"},"404":{"description":"Not Found"}}},"post":{"tags":["job-launcher-controller"],"summary":"Set job status","operationId":"setJobStatusUsingPOST","consumes":["application/json"],"produces":["*/*"],"parameters":[{"in":"body","name":"sparkJobStatus","description":"sparkJobStatus","required":true,"schema":{"$ref":"#/definitions/SparkJobStatusReq"}}],"responses":{"200":{"description":"OK"},"201":{"description":"Created"},"401":{"description":"Unauthorized"},"403":{"description":"Forbidden"},"404":{"description":"Not Found"}}}},"/launcher/status/{id}":{"get":{"tags":["job-launcher-controller"],"summary":"Get job status","operationId":"getJobStatusUsingGET","produces":["*/*"],"parameters":[{"name":"id","in":"path","description":"Job id","required":true,"type":"string"}],"responses":{"200":{"description":"OK","schema":{"$ref":"#/definitions/SparkJobStatusRes"}},"401":{"description":"Unauthorized"},"403":{"description":"Forbidden"},"404":{"description":"Not Found"}}}},"/launcher/status/{id}/all":{"get":{"tags":["job-launcher-controller"],"summary":"Get all job statuses of a job","operationId":"getJobStatusesUsingGET_1","produces":["*/*"],"parameters":[{"name":"id","in":"path","description":"Job id","required":true,"type":"string"}],"responses":{"200":{"description":"OK","schema":{"type":"array","items":{"$ref":"#/definitions/SparkJobStatusRes"}}},"401":{"description":"Unauthorized"},"403":{"description":"Forbidden"},"404":{"description":"Not Found"}}}},"/launcher/{id}":{"delete":{"tags":["job-launcher-controller"],"summary":"Cancel a job","operationId":"cancelJobUsingDELETE","produces":["*/*"],"parameters":[{"name":"id","in":"path","description":"Job id to cancel","required":true,"type":"string"}],"responses":{"200":{"description":"OK"},"204":{"description":"No Content"},"401":{"description":"Unauthorized"},"403":{"description":"Forbidden"}}}}},"securityDefinitions":{"Fusion Native Realm":{"type":"basic"}},"definitions":{"KeyValueReq":{"type":"object","properties":{"key":{"type":"string"},"value":{"type":"string"}},"title":"KeyValueReq"},"KeyValueRes":{"type":"object","properties":{"key":{"type":"string"},"value":{"type":"string"}},"title":"KeyValueRes"},"LogLine":{"type":"object","properties":{"date":{"type":"string","format":"date-time"},"line":{"type":"string"}},"title":"LogLine"},"SparkJobConfigReq":{"type":"object","properties":{"id":{"type":"string"},"sparkConfig":{"type":"array","items":{"$ref":"#/definitions/KeyValueReq"}},"type":{"type":"string"}},"title":"SparkJobConfigReq"},"SparkJobConfigRes":{"type":"object","properties":{"id":{"type":"string"},"sparkConfig":{"type":"array","items":{"$ref":"#/definitions/KeyValueRes"}},"type":{"type":"string"}},"title":"SparkJobConfigRes"},"SparkJobResultReq":{"type":"object","properties":{"exception":{"type":"object"},"jobConfigId":{"type":"string"},"jobRunId":{"type":"string"}},"title":"SparkJobResultReq"},"SparkJobResultRes":{"type":"object","properties":{"exception":{"type":"object"},"jobConfigId":{"type":"string"},"jobRunId":{"type":"string"}},"title":"SparkJobResultRes"},"SparkJobStatusReq":{"type":"object","properties":{"duration":{"type":"integer","format":"int64"},"endTime":{"type":"string"},"hostname":{"type":"string"},"jobConfig":{"$ref":"#/definitions/SparkJobConfigReq"},"jobId":{"type":"string"},"result":{"$ref":"#/definitions/SparkJobResultReq"},"startTime":{"type":"string"},"state":{"type":"string","enum":["cancelled","cancelling","error","finished","finishing","idle","running","skipped","starting","unknown"]}},"title":"SparkJobStatusReq"},"SparkJobStatusRes":{"type":"object","properties":{"duration":{"type":"integer","format":"int64"},"endTime":{"type":"string"},"hostname":{"type":"string"},"jobConfig":{"$ref":"#/definitions/SparkJobConfigRes"},"jobId":{"type":"string"},"result":{"$ref":"#/definitions/SparkJobResultRes"},"startTime":{"type":"string"},"state":{"type":"string","enum":["cancelled","cancelling","error","finished","finishing","idle","running","skipped","starting","unknown"]}},"title":"SparkJobStatusRes"}}}