{
  "swagger": "2.0",
  "info": {
    "version": "4.2.6-rc1",
    "title": "Fusion Service connectors-datasources"
  },
  "basePath": "/api/connectors",
  "tags": [
    {
      "name": "connectors"
    }
  ],
  "schemes": [
    "http"
  ],
  "paths": {
    "/connectors/datasources": {
      "get": {
        "operationId": "getDataSources",
        "consumes": [
          "application/json"
        ],
        "produces": [
          "application/json"
        ],
        "parameters": [
          {
            "name": "collection",
            "in": "query",
            "required": false,
            "type": "string"
          }
        ],
        "responses": {
          "default": {
            "description": "successful operation"
          }
        }
      },
      "post": {
        "summary": "Create a new datasource",
        "description": "",
        "operationId": "addDataSource",
        "consumes": [
          "application/json"
        ],
        "produces": [
          "application/json"
        ],
        "parameters": [
          {
            "in": "body",
            "name": "body",
            "required": false,
            "schema": {
              "type": "string"
            }
          },
          {
            "name": "validate",
            "in": "query",
            "required": false,
            "type": "boolean",
            "default": true
          }
        ],
        "responses": {
          "default": {
            "description": "successful operation"
          }
        }
      },
      "delete": {
        "operationId": "removeDataSources",
        "consumes": [
          "application/json"
        ],
        "produces": [
          "application/json"
        ],
        "parameters": [
          {
            "name": "collection",
            "in": "query",
            "required": false,
            "type": "string"
          },
          {
            "name": "force",
            "in": "query",
            "required": false,
            "type": "boolean"
          },
          {
            "name": "remove_output",
            "in": "query",
            "required": false,
            "type": "boolean"
          }
        ],
        "responses": {
          "default": {
            "description": "successful operation"
          }
        }
      }
    },
    "/connectors/datasources/{id}": {
      "get": {
        "summary": "Return the definitions of all datasources for that collection.",
        "description": "",
        "operationId": "getDataSource",
        "consumes": [
          "application/json"
        ],
        "produces": [
          "application/json"
        ],
        "parameters": [
          {
            "name": "id",
            "in": "path",
            "description": "The datasource ID",
            "required": true,
            "type": "string"
          }
        ],
        "responses": {
          "default": {
            "description": "successful operation"
          }
        }
      },
      "put": {
        "summary": "Update existing datasource",
        "description": "",
        "operationId": "updateDataSource",
        "consumes": [
          "application/json"
        ],
        "produces": [
          "application/json"
        ],
        "parameters": [
          {
            "name": "id",
            "in": "path",
            "description": "The datasource name",
            "required": true,
            "type": "string"
          },
          {
            "in": "body",
            "name": "body",
            "required": false,
            "schema": {
              "type": "string"
            }
          },
          {
            "name": "validate",
            "in": "query",
            "description": "Validate when updating datasource",
            "required": false,
            "type": "boolean",
            "default": true
          }
        ],
        "responses": {
          "default": {
            "description": "successful operation"
          }
        }
      },
      "delete": {
        "summary": "Deletes a datasource using the datasource's ID",
        "description": "",
        "operationId": "removeDataSource",
        "consumes": [
          "application/json"
        ],
        "produces": [
          "application/json"
        ],
        "parameters": [
          {
            "name": "id",
            "in": "path",
            "description": "The datasource name",
            "required": true,
            "type": "string"
          },
          {
            "name": "force",
            "in": "query",
            "description": "Whether to abort jobs before deleting or not",
            "required": false,
            "type": "boolean"
          },
          {
            "name": "remove_output",
            "in": "query",
            "required": false,
            "type": "boolean"
          }
        ],
        "responses": {
          "default": {
            "description": "successful operation"
          }
        }
      }
    },
    "/connectors/datasources/{id}/db": {
      "get": {
        "summary": "Return crawl database statistics associated with specific datasource",
        "description": "",
        "operationId": "getDb",
        "consumes": [
          "application/json"
        ],
        "produces": [
          "application/json"
        ],
        "parameters": [
          {
            "name": "id",
            "in": "path",
            "description": "The datasource name",
            "required": true,
            "type": "string"
          }
        ],
        "responses": {
          "200": {
            "description": "successful operation",
            "schema": {
              "type": "object",
              "additionalProperties": {
                "type": "object"
              }
            }
          }
        }
      },
      "delete": {
        "operationId": "dropDb",
        "consumes": [
          "application/json"
        ],
        "produces": [
          "application/json"
        ],
        "parameters": [
          {
            "name": "id",
            "in": "path",
            "required": true,
            "type": "string"
          },
          {
            "name": "remove_output",
            "in": "query",
            "required": false,
            "type": "boolean"
          }
        ],
        "responses": {
          "default": {
            "description": "successful operation"
          }
        }
      }
    },
    "/connectors/datasources/{id}/db/{table}": {
      "get": {
        "summary": "Return the table statistics",
        "description": "",
        "operationId": "getTableStats",
        "consumes": [
          "application/json"
        ],
        "produces": [
          "application/json"
        ],
        "parameters": [
          {
            "name": "id",
            "in": "path",
            "description": "The datasource name",
            "required": true,
            "type": "string"
          },
          {
            "name": "table",
            "in": "path",
            "description": "The database table name",
            "required": true,
            "type": "string"
          }
        ],
        "responses": {
          "200": {
            "description": "successful operation",
            "schema": {
              "type": "object",
              "additionalProperties": {
                "type": "object"
              }
            }
          }
        }
      },
      "delete": {
        "summary": "Drop the table and clear its data",
        "description": "",
        "operationId": "dropTable",
        "consumes": [
          "application/json"
        ],
        "produces": [
          "application/json"
        ],
        "parameters": [
          {
            "name": "id",
            "in": "path",
            "description": "The datasource name",
            "required": true,
            "type": "string"
          },
          {
            "name": "table",
            "in": "path",
            "description": "The database table name",
            "required": true,
            "type": "string"
          }
        ],
        "responses": {
          "200": {
            "description": "successful operation",
            "schema": {
              "type": "boolean"
            }
          }
        }
      }
    },
    "/connectors/datasources/{id}/db/{table}/items": {
      "get": {
        "operationId": "getItems",
        "consumes": [
          "application/json"
        ],
        "produces": [
          "application/json"
        ],
        "parameters": [
          {
            "name": "id",
            "in": "path",
            "required": true,
            "type": "string"
          },
          {
            "name": "table",
            "in": "path",
            "required": true,
            "type": "string"
          },
          {
            "name": "start",
            "in": "query",
            "required": false,
            "type": "string"
          },
          {
            "name": "rows",
            "in": "query",
            "required": false,
            "type": "integer",
            "format": "int32"
          }
        ],
        "responses": {
          "200": {
            "description": "successful operation",
            "schema": {
              "type": "object",
              "additionalProperties": {
                "type": "object"
              }
            },
            "headers": {}
          }
        }
      }
    },
    "/connectors/datasources/{id}/db/{table}/items/{item}": {
      "get": {
        "summary": "Return information about an item or items",
        "description": "",
        "operationId": "getItem",
        "consumes": [
          "application/json"
        ],
        "produces": [
          "application/json"
        ],
        "parameters": [
          {
            "name": "id",
            "in": "path",
            "description": "The datasource name",
            "required": true,
            "type": "string"
          },
          {
            "name": "table",
            "in": "path",
            "description": "The database table name",
            "required": true,
            "type": "string"
          },
          {
            "name": "item",
            "in": "path",
            "description": "The item name",
            "required": true,
            "type": "string"
          }
        ],
        "responses": {
          "200": {
            "description": "successful operation",
            "schema": {
              "type": "object"
            }
          }
        }
      },
      "delete": {
        "summary": "Removes information about item from the Crawl Database only",
        "description": "",
        "operationId": "deleteItem",
        "consumes": [
          "application/json"
        ],
        "produces": [
          "application/json"
        ],
        "parameters": [
          {
            "name": "id",
            "in": "path",
            "description": "The datasource name",
            "required": true,
            "type": "string"
          },
          {
            "name": "table",
            "in": "path",
            "description": "The database table name",
            "required": true,
            "type": "string"
          },
          {
            "name": "item",
            "in": "path",
            "description": "The item name",
            "required": true,
            "type": "string"
          }
        ],
        "responses": {
          "default": {
            "description": "successful operation"
          }
        }
      }
    },
    "/connectors/datasources/{id}/getDirectoryItems": {
      "get": {
        "operationId": "getDirectoryItems",
        "consumes": [
          "application/json"
        ],
        "produces": [
          "application/json"
        ],
        "parameters": [
          {
            "name": "id",
            "in": "path",
            "required": true,
            "type": "string"
          },
          {
            "name": "pageStart",
            "in": "query",
            "required": false,
            "type": "string"
          },
          {
            "name": "limit",
            "in": "query",
            "required": false,
            "type": "integer",
            "format": "int32"
          },
          {
            "name": "maxWaitTimeMs",
            "in": "query",
            "required": false,
            "type": "integer",
            "default": 180000,
            "format": "int32"
          },
          {
            "name": "path",
            "in": "query",
            "required": false,
            "type": "string"
          }
        ],
        "responses": {
          "default": {
            "description": "successful operation"
          }
        }
      }
    },
    "/connectors/datasources/{id}/output": {
      "delete": {
        "summary": "Delete existing datasource",
        "description": "",
        "operationId": "deleteOutputData",
        "consumes": [
          "application/json"
        ],
        "produces": [
          "application/json"
        ],
        "parameters": [
          {
            "name": "id",
            "in": "path",
            "required": true,
            "type": "string"
          }
        ],
        "responses": {
          "default": {
            "description": "successful operation"
          }
        },
        "deprecated": true
      }
    },
    "/connectors/datasources/{id}/sample": {
      "get": {
        "operationId": "datasourceDocsSample",
        "consumes": [
          "application/json"
        ],
        "produces": [
          "application/json"
        ],
        "parameters": [
          {
            "name": "id",
            "in": "path",
            "required": true,
            "type": "string"
          },
          {
            "name": "limit",
            "in": "query",
            "required": false,
            "type": "integer",
            "format": "int32"
          },
          {
            "name": "wait",
            "in": "query",
            "required": false,
            "type": "integer",
            "format": "int32"
          },
          {
            "name": "refresh",
            "in": "query",
            "required": false,
            "type": "boolean"
          },
          {
            "name": "maxFieldLength",
            "in": "query",
            "required": false,
            "type": "integer",
            "default": 1024,
            "format": "int32"
          },
          {
            "name": "excludeBinaryFields",
            "in": "query",
            "required": false,
            "type": "boolean"
          }
        ],
        "responses": {
          "default": {
            "description": "successful operation"
          }
        }
      }
    },
    "/connectors/datasources/{id}/sample/pipeline-debug": {
      "get": {
        "operationId": "datasourceDocsSamplePipelineDebug",
        "consumes": [
          "application/json"
        ],
        "produces": [
          "application/json"
        ],
        "parameters": [
          {
            "name": "id",
            "in": "path",
            "required": true,
            "type": "string"
          },
          {
            "name": "limit",
            "in": "query",
            "required": false,
            "type": "integer",
            "format": "int32"
          },
          {
            "name": "wait",
            "in": "query",
            "required": false,
            "type": "integer",
            "format": "int32"
          },
          {
            "name": "refresh",
            "in": "query",
            "required": false,
            "type": "boolean"
          },
          {
            "name": "maxFieldLength",
            "in": "query",
            "required": false,
            "type": "integer",
            "default": 1024,
            "format": "int32"
          },
          {
            "name": "excludeBinaryFields",
            "in": "query",
            "required": false,
            "type": "boolean"
          },
          {
            "name": "pipeline",
            "in": "query",
            "required": false,
            "type": "string"
          },
          {
            "name": "parserId",
            "in": "query",
            "required": false,
            "type": "string"
          }
        ],
        "responses": {
          "default": {
            "description": "successful operation"
          }
        }
      }
    }
  }
}