{
  "swagger": "2.0",
  "info": {
    "version": "4.2.6-rc1",
    "title": "Fusion Service suggestions-datasources"
  },
  "basePath": "/api/connectors",
  "tags": [
    {
      "name": "connectors"
    }
  ],
  "schemes": [
    "http"
  ],
  "paths": {
    "/connectors/suggestions/datasources": {
      "get": {
        "operationId": "suggestDataSourceConfig",
        "consumes": [
          "application/json"
        ],
        "produces": [
          "application/json"
        ],
        "parameters": [
          {
            "name": "input",
            "in": "query",
            "required": false,
            "type": "string"
          }
        ],
        "responses": {
          "default": {
            "description": "successful operation"
          }
        }
      }
    }
  }
}