{
  "swagger": "2.0",
  "info": {
    "version": "4.2.6-rc1",
    "title": "Fusion Service connectors-status"
  },
  "basePath": "/api/connectors",
  "tags": [
    {
      "name": "connectors"
    }
  ],
  "schemes": [
    "http"
  ],
  "paths": {
    "/connectors/status": {
      "get": {
        "summary": "Get the status of the service",
        "description": "",
        "operationId": "getStatus",
        "consumes": [
          "application/json"
        ],
        "produces": [
          "application/json"
        ],
        "parameters": [],
        "responses": {
          "200": {
            "description": "successful operation",
            "schema": {
              "type": "array",
              "items": {
                "$ref": "#/definitions/ServiceStatus"
              }
            }
          }
        }
      }
    }
  }
}