{
  "swagger": "2.0",
  "info": {
    "version": "4.2.6-rc1",
    "title": "Fusion Service connectors-plugins"
  },
  "basePath": "/api/connectors",
  "tags": [
    {
      "name": "connectors"
    }
  ],
  "schemes": [
    "http"
  ],
  "paths": {
    "/connectors/plugins": {
      "get": {
        "summary": "Return a JSON list of connector names",
        "description": "",
        "operationId": "getConnectorTypes",
        "consumes": [
          "application/json"
        ],
        "produces": [
          "application/json"
        ],
        "parameters": [],
        "responses": {
          "default": {
            "description": "successful operation"
          }
        }
      }
    },
    "/connectors/plugins/{connectorName}/source": {
      "put": {
        "operationId": "installOrUpdatePlugin",
        "consumes": [
          "application/json"
        ],
        "produces": [
          "application/json"
        ],
        "parameters": [
          {
            "name": "connectorName",
            "in": "path",
            "required": true,
            "type": "string"
          },
          {
            "name": "blobName",
            "in": "query",
            "required": false,
            "type": "string"
          },
          {
            "name": "version",
            "in": "query",
            "required": false,
            "type": "string"
          }
        ],
        "responses": {
          "default": {
            "description": "successful operation"
          }
        }
      },
      "delete": {
        "operationId": "uninstallPlugin",
        "consumes": [
          "application/json"
        ],
        "produces": [
          "application/json"
        ],
        "parameters": [
          {
            "name": "connectorName",
            "in": "path",
            "required": true,
            "type": "string"
          },
          {
            "name": "blobName",
            "in": "query",
            "required": false,
            "type": "string"
          },
          {
            "name": "version",
            "in": "query",
            "required": false,
            "type": "string"
          }
        ],
        "responses": {
          "default": {
            "description": "successful operation"
          }
        }
      }
    },
    "/connectors/plugins/{connector}": {
      "get": {
        "summary": "Returns a list of supported plugin types for a specific connector",
        "description": "",
        "operationId": "getConnectorSpecs0",
        "consumes": [
          "application/json"
        ],
        "produces": [
          "application/json"
        ],
        "parameters": [
          {
            "name": "connector",
            "in": "path",
            "description": "The connector name",
            "required": true,
            "type": "string"
          }
        ],
        "responses": {
          "200": {
            "description": "successful operation",
            "schema": {
              "type": "array",
              "uniqueItems": true,
              "items": {
                "type": "string"
              }
            }
          }
        },
        "deprecated": true
      },
      "put": {
        "operationId": "setClosing",
        "consumes": [
          "application/json"
        ],
        "produces": [
          "application/json"
        ],
        "parameters": [
          {
            "name": "connector",
            "in": "path",
            "required": true,
            "type": "string"
          },
          {
            "name": "collection",
            "in": "query",
            "required": false,
            "type": "string"
          },
          {
            "name": "close",
            "in": "query",
            "required": false,
            "type": "boolean"
          }
        ],
        "responses": {
          "default": {
            "description": "successful operation"
          }
        },
        "deprecated": true
      }
    },
    "/connectors/plugins/{connector}/resources": {
      "get": {
        "operationId": "listResources",
        "consumes": [
          "application/json"
        ],
        "produces": [
          "application/json"
        ],
        "parameters": [
          {
            "name": "connector",
            "in": "path",
            "required": true,
            "type": "string"
          },
          {
            "name": "collection",
            "in": "query",
            "required": false,
            "type": "string"
          },
          {
            "name": "id",
            "in": "query",
            "required": false,
            "type": "string"
          }
        ],
        "responses": {
          "default": {
            "description": "successful operation"
          }
        },
        "deprecated": true
      }
    },
    "/connectors/plugins/{connector}/resources/{name}": {
      "get": {
        "operationId": "openResource",
        "consumes": [
          "application/json"
        ],
        "produces": [
          "application/json"
        ],
        "parameters": [
          {
            "name": "connector",
            "in": "path",
            "required": true,
            "type": "string"
          },
          {
            "name": "name",
            "in": "path",
            "required": true,
            "type": "string"
          },
          {
            "name": "collection",
            "in": "query",
            "required": false,
            "type": "string"
          },
          {
            "name": "id",
            "in": "query",
            "required": false,
            "type": "string"
          }
        ],
        "responses": {
          "200": {
            "description": "successful operation",
            "schema": {
              "$ref": "#/definitions/InputStream"
            },
            "headers": {}
          }
        },
        "deprecated": true
      },
      "post": {
        "operationId": "uploadResource",
        "consumes": [
          "multipart/form-data"
        ],
        "produces": [
          "application/json"
        ],
        "parameters": [
          {
            "name": "connector",
            "in": "path",
            "required": true,
            "type": "string"
          },
          {
            "name": "name",
            "in": "path",
            "required": true,
            "type": "string"
          },
          {
            "name": "collection",
            "in": "query",
            "required": false,
            "type": "string"
          },
          {
            "name": "id",
            "in": "query",
            "required": false,
            "type": "string"
          },
          {
            "in": "body",
            "name": "body",
            "required": false,
            "schema": {
              "$ref": "#/definitions/FormDataMultiPart"
            }
          }
        ],
        "responses": {
          "default": {
            "description": "successful operation"
          }
        },
        "deprecated": true
      },
      "delete": {
        "operationId": "deleteResource",
        "consumes": [
          "application/json"
        ],
        "produces": [
          "application/json"
        ],
        "parameters": [
          {
            "name": "connector",
            "in": "path",
            "required": true,
            "type": "string"
          },
          {
            "name": "name",
            "in": "path",
            "required": true,
            "type": "string"
          },
          {
            "name": "collection",
            "in": "query",
            "required": false,
            "type": "string"
          },
          {
            "name": "id",
            "in": "query",
            "required": false,
            "type": "string"
          }
        ],
        "responses": {
          "default": {
            "description": "successful operation"
          }
        },
        "deprecated": true
      }
    },
    "/connectors/plugins/{connector}/state": {
      "put": {
        "operationId": "reset",
        "consumes": [
          "application/json"
        ],
        "produces": [
          "application/json"
        ],
        "parameters": [
          {
            "name": "connector",
            "in": "path",
            "required": true,
            "type": "string"
          },
          {
            "name": "collection",
            "in": "query",
            "required": false,
            "type": "string"
          }
        ],
        "responses": {
          "200": {
            "description": "successful operation",
            "schema": {
              "type": "object",
              "additionalProperties": {
                "type": "object"
              }
            },
            "headers": {}
          }
        }
      }
    },
    "/connectors/plugins/{connector}/types": {
      "get": {
        "summary": "Returns a list of supported plugin types for a specific connector",
        "description": "",
        "operationId": "getConnectorSchemaTypes",
        "consumes": [
          "application/json"
        ],
        "produces": [
          "application/json"
        ],
        "parameters": [
          {
            "name": "connector",
            "in": "path",
            "description": "The connector name",
            "required": true,
            "type": "string"
          }
        ],
        "responses": {
          "default": {
            "description": "successful operation"
          }
        }
      }
    },
    "/connectors/plugins/{connector}/types/{type}": {
      "get": {
        "operationId": "getConnectorSchemaType",
        "consumes": [
          "application/json"
        ],
        "produces": [
          "application/json"
        ],
        "parameters": [
          {
            "name": "connector",
            "in": "path",
            "required": true,
            "type": "string"
          },
          {
            "name": "type",
            "in": "path",
            "required": true,
            "type": "string"
          }
        ],
        "responses": {
          "default": {
            "description": "successful operation"
          }
        }
      }
    }
  }
}