{
  "swagger": "2.0",
  "info": {
    "version": "4.2.3-SNAPSHOT",
    "title": "Fusion Service connectors-history:"
  },
  "basePath": "/api/apollo",
  "tags": [
    {
      "name": "connectors"
    }
  ],
  "schemes": [
    "http"
  ],
  "paths": {
    "/connectors/history/{id}": {
      "get": {
        "operationId": "getHistory",
        "consumes": [
          "application/json"
        ],
        "produces": [
          "application/json"
        ],
        "parameters": [
          {
            "name": "cumulative",
            "in": "query",
            "required": false,
            "type": "boolean"
          },
          {
            "name": "id",
            "in": "path",
            "required": true,
            "type": "string"
          }
        ],
        "responses": {
          "200": {
            "description": "successful operation",
            "schema": {
              "type": "array",
              "items": {
                "type": "object",
                "additionalProperties": {
                  "type": "object"
                }
              }
            },
            "headers": {}
          }
        }
      },
      "delete": {
        "operationId": "removeHistory",
        "consumes": [
          "application/json"
        ],
        "produces": [
          "application/json"
        ],
        "parameters": [
          {
            "name": "id",
            "in": "path",
            "required": true,
            "type": "string"
          }
        ],
        "responses": {
          "default": {
            "description": "successful operation"
          }
        }
      }
    }
  }
}