{
  "openapi": "3.0.3",
  "info": {
    "title": "Job Launcher Service API",
    "description": "job-launcher provides API for running and managing Fusion spark jobs",
    "termsOfService": "https://lucidworks.com/legal/developer-license-agreement/",
    "contact": {
      "name": "Lucidworks",
      "url": "www.lucidworks.com",
      "email": "support@lucidworks.com"
    },
    "license": {
      "name": "License of API",
      "url": "https://lucidworks.com/legal/developer-license-agreement/"
    },
    "version": "5.7.0"
  },
  "servers": [
    {
      "url": "https://laurel594.lucidworkstest.com:443",
      "description": "Inferred Url"
    }
  ],
  "tags": [
    {
      "name": "job-launcher-controller",
      "description": "Job Launcher Controller"
    }
  ],
  "paths": {
    "/launcher": {
      "post": {
        "tags": [
          "job-launcher-controller"
        ],
        "summary": "Launch a job",
        "operationId": "launchJobUsingPOST",
        "requestBody": {
          "content": {
            "application/json": {
              "schema": {
                "$ref": "#/components/schemas/SparkJobConfigReq"
              }
            }
          }
        },
        "responses": {
          "200": {
            "description": "OK",
            "content": {
              "*/*": {
                "schema": {
                  "$ref": "#/components/schemas/SparkJobStatusRes"
                }
              }
            }
          },
          "201": {
            "description": "Created"
          },
          "401": {
            "description": "Unauthorized"
          },
          "403": {
            "description": "Forbidden"
          },
          "404": {
            "description": "Not Found"
          }
        }
      }
    },
    "/launcher/driver/log/{jobId}": {
      "get": {
        "tags": [
          "job-launcher-controller"
        ],
        "summary": "Get last N log lines from default driver",
        "operationId": "getLogsFromDefaultDriverUsingGET",
        "parameters": [
          {
            "name": "rows",
            "in": "query",
            "description": "The number of log lines to read from file",
            "required": false,
            "style": "form",
            "schema": {
              "type": "integer",
              "format": "int32"
            }
          },
          {
            "name": "jobId",
            "in": "path",
            "description": "Filter out logs by Spark job name",
            "required": true,
            "style": "simple",
            "schema": {
              "type": "string"
            }
          }
        ],
        "responses": {
          "200": {
            "description": "OK",
            "content": {
              "text/plain": {
                "schema": {
                  "type": "array",
                  "items": {
                    "$ref": "#/components/schemas/LogLine"
                  }
                }
              }
            }
          },
          "401": {
            "description": "Unauthorized"
          },
          "403": {
            "description": "Forbidden"
          },
          "404": {
            "description": "Not Found"
          }
        }
      }
    },
    "/launcher/status": {
      "get": {
        "tags": [
          "job-launcher-controller"
        ],
        "summary": "Get all job status",
        "operationId": "getJobStatusesUsingGET",
        "responses": {
          "200": {
            "description": "OK",
            "content": {
              "*/*": {
                "schema": {
                  "type": "array",
                  "items": {
                    "$ref": "#/components/schemas/SparkJobStatusRes"
                  }
                }
              }
            }
          },
          "401": {
            "description": "Unauthorized"
          },
          "403": {
            "description": "Forbidden"
          },
          "404": {
            "description": "Not Found"
          }
        }
      },
      "post": {
        "tags": [
          "job-launcher-controller"
        ],
        "summary": "Set job status",
        "operationId": "setJobStatusUsingPOST",
        "requestBody": {
          "content": {
            "application/json": {
              "schema": {
                "$ref": "#/components/schemas/SparkJobStatusReq"
              }
            }
          }
        },
        "responses": {
          "200": {
            "description": "OK"
          },
          "201": {
            "description": "Created"
          },
          "401": {
            "description": "Unauthorized"
          },
          "403": {
            "description": "Forbidden"
          },
          "404": {
            "description": "Not Found"
          }
        }
      }
    },
    "/launcher/status/{id}": {
      "get": {
        "tags": [
          "job-launcher-controller"
        ],
        "summary": "Get job status",
        "operationId": "getJobStatusUsingGET",
        "parameters": [
          {
            "name": "id",
            "in": "path",
            "description": "Job id",
            "required": true,
            "style": "simple",
            "schema": {
              "type": "string"
            }
          }
        ],
        "responses": {
          "200": {
            "description": "OK",
            "content": {
              "*/*": {
                "schema": {
                  "$ref": "#/components/schemas/SparkJobStatusRes"
                }
              }
            }
          },
          "401": {
            "description": "Unauthorized"
          },
          "403": {
            "description": "Forbidden"
          },
          "404": {
            "description": "Not Found"
          }
        }
      }
    },
    "/launcher/status/{id}/all": {
      "get": {
        "tags": [
          "job-launcher-controller"
        ],
        "summary": "Get all job statuses of a job",
        "operationId": "getJobStatusesUsingGET_1",
        "parameters": [
          {
            "name": "id",
            "in": "path",
            "description": "Job id",
            "required": true,
            "style": "simple",
            "schema": {
              "type": "string"
            }
          }
        ],
        "responses": {
          "200": {
            "description": "OK",
            "content": {
              "*/*": {
                "schema": {
                  "type": "array",
                  "items": {
                    "$ref": "#/components/schemas/SparkJobStatusRes"
                  }
                }
              }
            }
          },
          "401": {
            "description": "Unauthorized"
          },
          "403": {
            "description": "Forbidden"
          },
          "404": {
            "description": "Not Found"
          }
        }
      }
    },
    "/launcher/{id}": {
      "delete": {
        "tags": [
          "job-launcher-controller"
        ],
        "summary": "Cancel a job",
        "operationId": "cancelJobUsingDELETE",
        "parameters": [
          {
            "name": "id",
            "in": "path",
            "description": "Job id to cancel",
            "required": true,
            "style": "simple",
            "schema": {
              "type": "string"
            }
          }
        ],
        "responses": {
          "200": {
            "description": "OK"
          },
          "204": {
            "description": "No Content"
          },
          "401": {
            "description": "Unauthorized"
          },
          "403": {
            "description": "Forbidden"
          }
        }
      }
    }
  },
  "components": {
    "schemas": {
      "KeyValueReq": {
        "title": "KeyValueReq",
        "type": "object",
        "properties": {
          "key": {
            "type": "string"
          },
          "value": {
            "type": "string"
          }
        }
      },
      "KeyValueRes": {
        "title": "KeyValueRes",
        "type": "object",
        "properties": {
          "key": {
            "type": "string"
          },
          "value": {
            "type": "string"
          }
        }
      },
      "LogLine": {
        "title": "LogLine",
        "type": "object",
        "properties": {
          "date": {
            "type": "string",
            "format": "date-time"
          },
          "line": {
            "type": "string"
          }
        }
      },
      "SparkJobConfigReq": {
        "title": "SparkJobConfigReq",
        "type": "object",
        "properties": {
          "id": {
            "type": "string"
          },
          "sparkConfig": {
            "type": "array",
            "items": {
              "$ref": "#/components/schemas/KeyValueReq"
            }
          },
          "type": {
            "type": "string"
          }
        }
      },
      "SparkJobConfigRes": {
        "title": "SparkJobConfigRes",
        "type": "object",
        "properties": {
          "id": {
            "type": "string"
          },
          "sparkConfig": {
            "type": "array",
            "items": {
              "$ref": "#/components/schemas/KeyValueRes"
            }
          },
          "type": {
            "type": "string"
          }
        }
      },
      "SparkJobResultReq": {
        "title": "SparkJobResultReq",
        "type": "object",
        "properties": {
          "exception": {
            "type": "object"
          },
          "jobConfigId": {
            "type": "string"
          },
          "jobRunId": {
            "type": "string"
          }
        }
      },
      "SparkJobResultRes": {
        "title": "SparkJobResultRes",
        "type": "object",
        "properties": {
          "exception": {
            "type": "object"
          },
          "jobConfigId": {
            "type": "string"
          },
          "jobRunId": {
            "type": "string"
          }
        }
      },
      "SparkJobStatusReq": {
        "title": "SparkJobStatusReq",
        "type": "object",
        "properties": {
          "duration": {
            "type": "integer",
            "format": "int64"
          },
          "endTime": {
            "type": "string"
          },
          "hostname": {
            "type": "string"
          },
          "jobConfig": {
            "$ref": "#/components/schemas/SparkJobConfigReq"
          },
          "jobId": {
            "type": "string"
          },
          "result": {
            "$ref": "#/components/schemas/SparkJobResultReq"
          },
          "startTime": {
            "type": "string"
          },
          "state": {
            "type": "string",
            "enum": [
              "cancelled",
              "cancelling",
              "error",
              "finished",
              "finishing",
              "idle",
              "running",
              "skipped",
              "starting",
              "unknown"
            ]
          }
        }
      },
      "SparkJobStatusRes": {
        "title": "SparkJobStatusRes",
        "type": "object",
        "properties": {
          "duration": {
            "type": "integer",
            "format": "int64"
          },
          "endTime": {
            "type": "string"
          },
          "hostname": {
            "type": "string"
          },
          "jobConfig": {
            "$ref": "#/components/schemas/SparkJobConfigRes"
          },
          "jobId": {
            "type": "string"
          },
          "result": {
            "$ref": "#/components/schemas/SparkJobResultRes"
          },
          "startTime": {
            "type": "string"
          },
          "state": {
            "type": "string",
            "enum": [
              "cancelled",
              "cancelling",
              "error",
              "finished",
              "finishing",
              "idle",
              "running",
              "skipped",
              "starting",
              "unknown"
            ]
          }
        }
      }
    }
  }
}
