{
    "swagger": "2.0",
    "info": {
        "description": "A Lucidworks microservice to manage models via Seldon Core",
        "version": "5.9.0",
        "title": "Machine Learning Model Service API",
        "termsOfService": "https://lucidworks.com/legal/developer-license-agreement/",
        "contact": {
            "name": "Lucidworks",
            "url": "www.lucidworks.com",
            "email": "support@lucidworks.com"
        },
        "license": {
            "name": "License of API",
            "url": "https://lucidworks.com/legal/developer-license-agreement/"
        }
    },
    "host": "FUSION_HOST.com",
    "basePath": "/ml-model-service",
    "tags": [{
        "name": "ml-model-service-controller",
        "description": "ML Model Service Controller"
    }, {
        "name": "serialized-model-controller",
        "description": "Serialized Model Controller"
    }],
    "schemes": ["http", "https"],
    "paths": {
        "/ml-models": {
            "get": {
                "tags": ["ml-model-service-controller"],
                "summary": "getModels",
                "operationId": "getModelsUsingGET",
                "produces": ["application/json"],
                "responses": {
                    "200": {
                        "description": "OK",
                        "schema": {
                            "$ref": "#/definitions/GetModelsResponse"
                        }
                    },
                    "401": {
                        "description": "Unauthorized"
                    },
                    "403": {
                        "description": "Forbidden"
                    },
                    "404": {
                        "description": "Not Found"
                    }
                },
                "deprecated": false
            },
            "post": {
                "tags": ["serialized-model-controller"],
                "summary": "postSerializedModel",
                "operationId": "postSerializedModelUsingPOST",
                "consumes": ["multipart/form-data"],
                "produces": ["*/*"],
                "parameters": [{
                    "name": "file",
                    "in": "formData",
                    "description": "file",
                    "required": true,
                    "type": "file"
                }, {
                    "name": "modelId",
                    "in": "query",
                    "description": "modelId",
                    "required": true,
                    "type": "string"
                }, {
                    "name": "type",
                    "in": "query",
                    "description": "type",
                    "required": true,
                    "type": "string"
                }],
                "responses": {
                    "200": {
                        "description": "OK",
                        "schema": {
                            "$ref": "#/definitions/ResponseEntity"
                        }
                    },
                    "201": {
                        "description": "Created"
                    },
                    "401": {
                        "description": "Unauthorized"
                    },
                    "403": {
                        "description": "Forbidden"
                    },
                    "404": {
                        "description": "Not Found"
                    }
                },
                "deprecated": false
            }
        },
        "/ml-models/{modelId}": {
            "get": {
                "tags": ["serialized-model-controller"],
                "summary": "getSerializedModel",
                "operationId": "getSerializedModelUsingGET",
                "produces": ["*/*"],
                "parameters": [{
                    "name": "modelId",
                    "in": "path",
                    "description": "modelId",
                    "required": true,
                    "type": "string"
                }],
                "responses": {
                    "200": {
                        "description": "OK"
                    },
                    "401": {
                        "description": "Unauthorized"
                    },
                    "403": {
                        "description": "Forbidden"
                    },
                    "404": {
                        "description": "Not Found"
                    }
                },
                "deprecated": false
            },
            "head": {
                "tags": ["serialized-model-controller"],
                "summary": "modelExists",
                "operationId": "modelExistsUsingHEAD",
                "consumes": ["application/json"],
                "produces": ["*/*"],
                "parameters": [{
                    "name": "modelId",
                    "in": "path",
                    "description": "modelId",
                    "required": true,
                    "type": "string"
                }],
                "responses": {
                    "200": {
                        "description": "OK",
                        "schema": {
                            "$ref": "#/definitions/ResponseEntity"
                        }
                    },
                    "204": {
                        "description": "No Content"
                    },
                    "401": {
                        "description": "Unauthorized"
                    },
                    "403": {
                        "description": "Forbidden"
                    }
                },
                "deprecated": false
            },
            "delete": {
                "tags": ["serialized-model-controller"],
                "summary": "deleteSerializedModel",
                "operationId": "deleteSerializedModelUsingDELETE",
                "produces": ["*/*"],
                "parameters": [{
                    "name": "modelId",
                    "in": "path",
                    "description": "modelId",
                    "required": true,
                    "type": "string"
                }],
                "responses": {
                    "200": {
                        "description": "OK",
                        "schema": {
                            "$ref": "#/definitions/ResponseEntity"
                        }
                    },
                    "204": {
                        "description": "No Content"
                    },
                    "401": {
                        "description": "Unauthorized"
                    },
                    "403": {
                        "description": "Forbidden"
                    }
                },
                "deprecated": false
            }
        },
        "/ml-models/{modelId}/prediction": {
            "post": {
                "tags": ["ml-model-service-controller"],
                "summary": "predict",
                "operationId": "predictUsingPOST",
                "consumes": ["application/json"],
                "produces": ["application/json"],
                "parameters": [{
                    "in": "body",
                    "name": "input",
                    "description": "input",
                    "required": true,
                    "schema": {
                        "type": "object"
                    }
                }, {
                    "name": "modelId",
                    "in": "path",
                    "description": "modelId",
                    "required": true,
                    "type": "string"
                }],
                "responses": {
                    "200": {
                        "description": "OK",
                        "schema": {
                            "type": "object"
                        }
                    },
                    "201": {
                        "description": "Created"
                    },
                    "401": {
                        "description": "Unauthorized"
                    },
                    "403": {
                        "description": "Forbidden"
                    },
                    "404": {
                        "description": "Not Found"
                    }
                },
                "deprecated": false
            }
        }
    },
    "securityDefinitions": {
        "Fusion Native Realm": {
            "type": "basic"
        }
    },
    "definitions": {
        "ByteString": {
            "type": "object",
            "properties": {
                "empty": {
                    "type": "boolean"
                },
                "validUtf8": {
                    "type": "boolean"
                }
            },
            "title": "ByteString"
        },
        "Descriptor": {
            "type": "object",
            "properties": {
                "containingType": {
                    "$ref": "#/definitions/Descriptor"
                },
                "enumTypes": {
                    "type": "array",
                    "items": {
                        "$ref": "#/definitions/EnumDescriptor"
                    }
                },
                "extendable": {
                    "type": "boolean"
                },
                "extensions": {
                    "type": "array",
                    "items": {
                        "$ref": "#/definitions/FieldDescriptor"
                    }
                },
                "fields": {
                    "type": "array",
                    "items": {
                        "$ref": "#/definitions/FieldDescriptor"
                    }
                },
                "file": {
                    "$ref": "#/definitions/FileDescriptor"
                },
                "fullName": {
                    "type": "string"
                },
                "index": {
                    "type": "integer",
                    "format": "int32"
                },
                "name": {
                    "type": "string"
                },
                "nestedTypes": {
                    "type": "array",
                    "items": {
                        "$ref": "#/definitions/Descriptor"
                    }
                },
                "oneofs": {
                    "type": "array",
                    "items": {
                        "$ref": "#/definitions/OneofDescriptor"
                    }
                },
                "options": {
                    "$ref": "#/definitions/MessageOptions"
                },
                "realOneofs": {
                    "type": "array",
                    "items": {
                        "$ref": "#/definitions/OneofDescriptor"
                    }
                }
            },
            "title": "Descriptor"
        },
        "EnumDescriptor": {
            "type": "object",
            "properties": {
                "containingType": {
                    "$ref": "#/definitions/Descriptor"
                },
                "file": {
                    "$ref": "#/definitions/FileDescriptor"
                },
                "fullName": {
                    "type": "string"
                },
                "index": {
                    "type": "integer",
                    "format": "int32"
                },
                "name": {
                    "type": "string"
                },
                "options": {
                    "$ref": "#/definitions/EnumOptions"
                },
                "values": {
                    "type": "array",
                    "items": {
                        "$ref": "#/definitions/EnumValueDescriptor"
                    }
                }
            },
            "title": "EnumDescriptor"
        },
        "EnumOptions": {
            "type": "object",
            "properties": {
                "allFields": {
                    "type": "object",
                    "additionalProperties": {
                        "type": "object"
                    }
                },
                "allFieldsRaw": {
                    "type": "object",
                    "additionalProperties": {
                        "type": "object"
                    }
                },
                "allowAlias": {
                    "type": "boolean"
                },
                "defaultInstanceForType": {
                    "$ref": "#/definitions/EnumOptions"
                },
                "deprecated": {
                    "type": "boolean"
                },
                "descriptorForType": {
                    "$ref": "#/definitions/Descriptor"
                },
                "initializationErrorString": {
                    "type": "string"
                },
                "initialized": {
                    "type": "boolean"
                },
                "parserForType": {
                    "$ref": "#/definitions/Parser«EnumOptions»"
                },
                "serializedSize": {
                    "type": "integer",
                    "format": "int32"
                },
                "uninterpretedOptionCount": {
                    "type": "integer",
                    "format": "int32"
                },
                "uninterpretedOptionList": {
                    "type": "array",
                    "items": {
                        "$ref": "#/definitions/UninterpretedOption"
                    }
                },
                "uninterpretedOptionOrBuilderList": {
                    "type": "array",
                    "items": {
                        "$ref": "#/definitions/UninterpretedOptionOrBuilder"
                    }
                },
                "unknownFields": {
                    "$ref": "#/definitions/UnknownFieldSet"
                }
            },
            "title": "EnumOptions"
        },
        "EnumValueDescriptor": {
            "type": "object",
            "properties": {
                "file": {
                    "$ref": "#/definitions/FileDescriptor"
                },
                "fullName": {
                    "type": "string"
                },
                "index": {
                    "type": "integer",
                    "format": "int32"
                },
                "name": {
                    "type": "string"
                },
                "number": {
                    "type": "integer",
                    "format": "int32"
                },
                "options": {
                    "$ref": "#/definitions/EnumValueOptions"
                },
                "type": {
                    "$ref": "#/definitions/EnumDescriptor"
                }
            },
            "title": "EnumValueDescriptor"
        },
        "EnumValueOptions": {
            "type": "object",
            "properties": {
                "allFields": {
                    "type": "object",
                    "additionalProperties": {
                        "type": "object"
                    }
                },
                "allFieldsRaw": {
                    "type": "object",
                    "additionalProperties": {
                        "type": "object"
                    }
                },
                "defaultInstanceForType": {
                    "$ref": "#/definitions/EnumValueOptions"
                },
                "deprecated": {
                    "type": "boolean"
                },
                "descriptorForType": {
                    "$ref": "#/definitions/Descriptor"
                },
                "initializationErrorString": {
                    "type": "string"
                },
                "initialized": {
                    "type": "boolean"
                },
                "parserForType": {
                    "$ref": "#/definitions/Parser«EnumValueOptions»"
                },
                "serializedSize": {
                    "type": "integer",
                    "format": "int32"
                },
                "uninterpretedOptionCount": {
                    "type": "integer",
                    "format": "int32"
                },
                "uninterpretedOptionList": {
                    "type": "array",
                    "items": {
                        "$ref": "#/definitions/UninterpretedOption"
                    }
                },
                "uninterpretedOptionOrBuilderList": {
                    "type": "array",
                    "items": {
                        "$ref": "#/definitions/UninterpretedOptionOrBuilder"
                    }
                },
                "unknownFields": {
                    "$ref": "#/definitions/UnknownFieldSet"
                }
            },
            "title": "EnumValueOptions"
        },
        "FieldDescriptor": {
            "type": "object",
            "properties": {
                "containingOneof": {
                    "$ref": "#/definitions/OneofDescriptor"
                },
                "containingType": {
                    "$ref": "#/definitions/Descriptor"
                },
                "defaultValue": {
                    "type": "object"
                },
                "enumType": {
                    "$ref": "#/definitions/EnumDescriptor"
                },
                "extension": {
                    "type": "boolean"
                },
                "extensionScope": {
                    "$ref": "#/definitions/Descriptor"
                },
                "file": {
                    "$ref": "#/definitions/FileDescriptor"
                },
                "fullName": {
                    "type": "string"
                },
                "index": {
                    "type": "integer",
                    "format": "int32"
                },
                "javaType": {
                    "type": "string",
                    "enum": ["INT", "LONG", "FLOAT", "DOUBLE", "BOOLEAN", "STRING", "BYTE_STRING", "ENUM", "MESSAGE"]
                },
                "jsonName": {
                    "type": "string"
                },
                "liteJavaType": {
                    "type": "string",
                    "enum": ["INT", "LONG", "FLOAT", "DOUBLE", "BOOLEAN", "STRING", "BYTE_STRING", "ENUM", "MESSAGE"]
                },
                "liteType": {
                    "type": "string",
                    "enum": ["DOUBLE", "FLOAT", "INT64", "UINT64", "INT32", "FIXED64", "FIXED32", "BOOL", "STRING", "GROUP", "MESSAGE", "BYTES", "UINT32", "ENUM", "SFIXED32", "SFIXED64", "SINT32", "SINT64"]
                },
                "mapField": {
                    "type": "boolean"
                },
                "messageType": {
                    "$ref": "#/definitions/Descriptor"
                },
                "name": {
                    "type": "string"
                },
                "number": {
                    "type": "integer",
                    "format": "int32"
                },
                "optional": {
                    "type": "boolean"
                },
                "options": {
                    "$ref": "#/definitions/FieldOptions"
                },
                "packable": {
                    "type": "boolean"
                },
                "packed": {
                    "type": "boolean"
                },
                "realContainingOneof": {
                    "$ref": "#/definitions/OneofDescriptor"
                },
                "repeated": {
                    "type": "boolean"
                },
                "required": {
                    "type": "boolean"
                },
                "type": {
                    "type": "string",
                    "enum": ["DOUBLE", "FLOAT", "INT64", "UINT64", "INT32", "FIXED64", "FIXED32", "BOOL", "STRING", "GROUP", "MESSAGE", "BYTES", "UINT32", "ENUM", "SFIXED32", "SFIXED64", "SINT32", "SINT64"]
                }
            },
            "title": "FieldDescriptor"
        },
        "FieldOptions": {
            "type": "object",
            "properties": {
                "allFields": {
                    "type": "object",
                    "additionalProperties": {
                        "type": "object"
                    }
                },
                "allFieldsRaw": {
                    "type": "object",
                    "additionalProperties": {
                        "type": "object"
                    }
                },
                "ctype": {
                    "type": "string",
                    "enum": ["STRING", "CORD", "STRING_PIECE"]
                },
                "defaultInstanceForType": {
                    "$ref": "#/definitions/FieldOptions"
                },
                "deprecated": {
                    "type": "boolean"
                },
                "descriptorForType": {
                    "$ref": "#/definitions/Descriptor"
                },
                "initializationErrorString": {
                    "type": "string"
                },
                "initialized": {
                    "type": "boolean"
                },
                "jstype": {
                    "type": "string",
                    "enum": ["JS_NORMAL", "JS_STRING", "JS_NUMBER"]
                },
                "lazy": {
                    "type": "boolean"
                },
                "packed": {
                    "type": "boolean"
                },
                "parserForType": {
                    "$ref": "#/definitions/Parser«FieldOptions»"
                },
                "serializedSize": {
                    "type": "integer",
                    "format": "int32"
                },
                "uninterpretedOptionCount": {
                    "type": "integer",
                    "format": "int32"
                },
                "uninterpretedOptionList": {
                    "type": "array",
                    "items": {
                        "$ref": "#/definitions/UninterpretedOption"
                    }
                },
                "uninterpretedOptionOrBuilderList": {
                    "type": "array",
                    "items": {
                        "$ref": "#/definitions/UninterpretedOptionOrBuilder"
                    }
                },
                "unknownFields": {
                    "$ref": "#/definitions/UnknownFieldSet"
                },
                "weak": {
                    "type": "boolean"
                }
            },
            "title": "FieldOptions"
        },
        "FileDescriptor": {
            "type": "object",
            "properties": {
                "dependencies": {
                    "type": "array",
                    "items": {
                        "$ref": "#/definitions/FileDescriptor"
                    }
                },
                "enumTypes": {
                    "type": "array",
                    "items": {
                        "$ref": "#/definitions/EnumDescriptor"
                    }
                },
                "extensions": {
                    "type": "array",
                    "items": {
                        "$ref": "#/definitions/FieldDescriptor"
                    }
                },
                "file": {
                    "$ref": "#/definitions/FileDescriptor"
                },
                "fullName": {
                    "type": "string"
                },
                "messageTypes": {
                    "type": "array",
                    "items": {
                        "$ref": "#/definitions/Descriptor"
                    }
                },
                "name": {
                    "type": "string"
                },
                "options": {
                    "$ref": "#/definitions/FileOptions"
                },
                "package": {
                    "type": "string"
                },
                "publicDependencies": {
                    "type": "array",
                    "items": {
                        "$ref": "#/definitions/FileDescriptor"
                    }
                },
                "services": {
                    "type": "array",
                    "items": {
                        "$ref": "#/definitions/ServiceDescriptor"
                    }
                },
                "syntax": {
                    "type": "string",
                    "enum": ["UNKNOWN", "PROTO2", "PROTO3"]
                }
            },
            "title": "FileDescriptor"
        },
        "FileOptions": {
            "type": "object",
            "properties": {
                "allFields": {
                    "type": "object",
                    "additionalProperties": {
                        "type": "object"
                    }
                },
                "allFieldsRaw": {
                    "type": "object",
                    "additionalProperties": {
                        "type": "object"
                    }
                },
                "ccEnableArenas": {
                    "type": "boolean"
                },
                "ccGenericServices": {
                    "type": "boolean"
                },
                "csharpNamespace": {
                    "type": "string"
                },
                "csharpNamespaceBytes": {
                    "$ref": "#/definitions/ByteString"
                },
                "defaultInstanceForType": {
                    "$ref": "#/definitions/FileOptions"
                },
                "deprecated": {
                    "type": "boolean"
                },
                "descriptorForType": {
                    "$ref": "#/definitions/Descriptor"
                },
                "goPackage": {
                    "type": "string"
                },
                "goPackageBytes": {
                    "$ref": "#/definitions/ByteString"
                },
                "initializationErrorString": {
                    "type": "string"
                },
                "initialized": {
                    "type": "boolean"
                },
                "javaGenerateEqualsAndHash": {
                    "type": "boolean"
                },
                "javaGenericServices": {
                    "type": "boolean"
                },
                "javaMultipleFiles": {
                    "type": "boolean"
                },
                "javaOuterClassname": {
                    "type": "string"
                },
                "javaOuterClassnameBytes": {
                    "$ref": "#/definitions/ByteString"
                },
                "javaPackage": {
                    "type": "string"
                },
                "javaPackageBytes": {
                    "$ref": "#/definitions/ByteString"
                },
                "javaStringCheckUtf8": {
                    "type": "boolean"
                },
                "objcClassPrefix": {
                    "type": "string"
                },
                "objcClassPrefixBytes": {
                    "$ref": "#/definitions/ByteString"
                },
                "optimizeFor": {
                    "type": "string",
                    "enum": ["SPEED", "CODE_SIZE", "LITE_RUNTIME"]
                },
                "parserForType": {
                    "$ref": "#/definitions/Parser«FileOptions»"
                },
                "phpClassPrefix": {
                    "type": "string"
                },
                "phpClassPrefixBytes": {
                    "$ref": "#/definitions/ByteString"
                },
                "phpGenericServices": {
                    "type": "boolean"
                },
                "phpMetadataNamespace": {
                    "type": "string"
                },
                "phpMetadataNamespaceBytes": {
                    "$ref": "#/definitions/ByteString"
                },
                "phpNamespace": {
                    "type": "string"
                },
                "phpNamespaceBytes": {
                    "$ref": "#/definitions/ByteString"
                },
                "pyGenericServices": {
                    "type": "boolean"
                },
                "rubyPackage": {
                    "type": "string"
                },
                "rubyPackageBytes": {
                    "$ref": "#/definitions/ByteString"
                },
                "serializedSize": {
                    "type": "integer",
                    "format": "int32"
                },
                "swiftPrefix": {
                    "type": "string"
                },
                "swiftPrefixBytes": {
                    "$ref": "#/definitions/ByteString"
                },
                "uninterpretedOptionCount": {
                    "type": "integer",
                    "format": "int32"
                },
                "uninterpretedOptionList": {
                    "type": "array",
                    "items": {
                        "$ref": "#/definitions/UninterpretedOption"
                    }
                },
                "uninterpretedOptionOrBuilderList": {
                    "type": "array",
                    "items": {
                        "$ref": "#/definitions/UninterpretedOptionOrBuilder"
                    }
                },
                "unknownFields": {
                    "$ref": "#/definitions/UnknownFieldSet"
                }
            },
            "title": "FileOptions"
        },
        "GetModelsResponse": {
            "type": "object",
            "properties": {
                "allFields": {
                    "type": "object",
                    "additionalProperties": {
                        "type": "object"
                    }
                },
                "defaultInstanceForType": {
                    "$ref": "#/definitions/GetModelsResponse"
                },
                "descriptorForType": {
                    "$ref": "#/definitions/Descriptor"
                },
                "initializationErrorString": {
                    "type": "string"
                },
                "initialized": {
                    "type": "boolean"
                },
                "modelsCount": {
                    "type": "integer",
                    "format": "int32"
                },
                "modelsList": {
                    "type": "array",
                    "items": {
                        "$ref": "#/definitions/SerializedModel"
                    }
                },
                "modelsOrBuilderList": {
                    "type": "array",
                    "items": {
                        "$ref": "#/definitions/SerializedModelOrBuilder"
                    }
                },
                "parserForType": {
                    "$ref": "#/definitions/Parser«GetModelsResponse»"
                },
                "serializedSize": {
                    "type": "integer",
                    "format": "int32"
                },
                "unknownFields": {
                    "$ref": "#/definitions/UnknownFieldSet"
                }
            },
            "title": "GetModelsResponse"
        },
        "Message": {
            "type": "object",
            "properties": {
                "allFields": {
                    "type": "object",
                    "additionalProperties": {
                        "type": "object"
                    }
                },
                "defaultInstanceForType": {
                    "$ref": "#/definitions/MessageLite"
                },
                "descriptorForType": {
                    "$ref": "#/definitions/Descriptor"
                },
                "initializationErrorString": {
                    "type": "string"
                },
                "initialized": {
                    "type": "boolean"
                },
                "parserForType": {
                    "$ref": "#/definitions/Parser«Message»"
                },
                "serializedSize": {
                    "type": "integer",
                    "format": "int32"
                },
                "unknownFields": {
                    "$ref": "#/definitions/UnknownFieldSet"
                }
            },
            "title": "Message"
        },
        "MessageLite": {
            "type": "object",
            "properties": {
                "defaultInstanceForType": {
                    "$ref": "#/definitions/MessageLite"
                },
                "initialized": {
                    "type": "boolean"
                },
                "parserForType": {
                    "$ref": "#/definitions/Parser«MessageLite»"
                },
                "serializedSize": {
                    "type": "integer",
                    "format": "int32"
                }
            },
            "title": "MessageLite"
        },
        "MessageOptions": {
            "type": "object",
            "properties": {
                "allFields": {
                    "type": "object",
                    "additionalProperties": {
                        "type": "object"
                    }
                },
                "allFieldsRaw": {
                    "type": "object",
                    "additionalProperties": {
                        "type": "object"
                    }
                },
                "defaultInstanceForType": {
                    "$ref": "#/definitions/MessageOptions"
                },
                "deprecated": {
                    "type": "boolean"
                },
                "descriptorForType": {
                    "$ref": "#/definitions/Descriptor"
                },
                "initializationErrorString": {
                    "type": "string"
                },
                "initialized": {
                    "type": "boolean"
                },
                "mapEntry": {
                    "type": "boolean"
                },
                "messageSetWireFormat": {
                    "type": "boolean"
                },
                "noStandardDescriptorAccessor": {
                    "type": "boolean"
                },
                "parserForType": {
                    "$ref": "#/definitions/Parser«MessageOptions»"
                },
                "serializedSize": {
                    "type": "integer",
                    "format": "int32"
                },
                "uninterpretedOptionCount": {
                    "type": "integer",
                    "format": "int32"
                },
                "uninterpretedOptionList": {
                    "type": "array",
                    "items": {
                        "$ref": "#/definitions/UninterpretedOption"
                    }
                },
                "uninterpretedOptionOrBuilderList": {
                    "type": "array",
                    "items": {
                        "$ref": "#/definitions/UninterpretedOptionOrBuilder"
                    }
                },
                "unknownFields": {
                    "$ref": "#/definitions/UnknownFieldSet"
                }
            },
            "title": "MessageOptions"
        },
        "MethodDescriptor": {
            "type": "object",
            "properties": {
                "clientStreaming": {
                    "type": "boolean"
                },
                "file": {
                    "$ref": "#/definitions/FileDescriptor"
                },
                "fullName": {
                    "type": "string"
                },
                "index": {
                    "type": "integer",
                    "format": "int32"
                },
                "inputType": {
                    "$ref": "#/definitions/Descriptor"
                },
                "name": {
                    "type": "string"
                },
                "options": {
                    "$ref": "#/definitions/MethodOptions"
                },
                "outputType": {
                    "$ref": "#/definitions/Descriptor"
                },
                "serverStreaming": {
                    "type": "boolean"
                },
                "service": {
                    "$ref": "#/definitions/ServiceDescriptor"
                }
            },
            "title": "MethodDescriptor"
        },
        "MethodOptions": {
            "type": "object",
            "properties": {
                "allFields": {
                    "type": "object",
                    "additionalProperties": {
                        "type": "object"
                    }
                },
                "allFieldsRaw": {
                    "type": "object",
                    "additionalProperties": {
                        "type": "object"
                    }
                },
                "defaultInstanceForType": {
                    "$ref": "#/definitions/MethodOptions"
                },
                "deprecated": {
                    "type": "boolean"
                },
                "descriptorForType": {
                    "$ref": "#/definitions/Descriptor"
                },
                "idempotencyLevel": {
                    "type": "string",
                    "enum": ["IDEMPOTENCY_UNKNOWN", "NO_SIDE_EFFECTS", "IDEMPOTENT"]
                },
                "initializationErrorString": {
                    "type": "string"
                },
                "initialized": {
                    "type": "boolean"
                },
                "parserForType": {
                    "$ref": "#/definitions/Parser«MethodOptions»"
                },
                "serializedSize": {
                    "type": "integer",
                    "format": "int32"
                },
                "uninterpretedOptionCount": {
                    "type": "integer",
                    "format": "int32"
                },
                "uninterpretedOptionList": {
                    "type": "array",
                    "items": {
                        "$ref": "#/definitions/UninterpretedOption"
                    }
                },
                "uninterpretedOptionOrBuilderList": {
                    "type": "array",
                    "items": {
                        "$ref": "#/definitions/UninterpretedOptionOrBuilder"
                    }
                },
                "unknownFields": {
                    "$ref": "#/definitions/UnknownFieldSet"
                }
            },
            "title": "MethodOptions"
        },
        "NamePart": {
            "type": "object",
            "properties": {
                "allFields": {
                    "type": "object",
                    "additionalProperties": {
                        "type": "object"
                    }
                },
                "defaultInstanceForType": {
                    "$ref": "#/definitions/NamePart"
                },
                "descriptorForType": {
                    "$ref": "#/definitions/Descriptor"
                },
                "initializationErrorString": {
                    "type": "string"
                },
                "initialized": {
                    "type": "boolean"
                },
                "isExtension": {
                    "type": "boolean"
                },
                "namePart": {
                    "type": "string"
                },
                "namePartBytes": {
                    "$ref": "#/definitions/ByteString"
                },
                "parserForType": {
                    "$ref": "#/definitions/Parser«NamePart»"
                },
                "serializedSize": {
                    "type": "integer",
                    "format": "int32"
                },
                "unknownFields": {
                    "$ref": "#/definitions/UnknownFieldSet"
                }
            },
            "title": "NamePart"
        },
        "NamePartOrBuilder": {
            "type": "object",
            "properties": {
                "allFields": {
                    "type": "object",
                    "additionalProperties": {
                        "type": "object"
                    }
                },
                "defaultInstanceForType": {
                    "$ref": "#/definitions/Message"
                },
                "descriptorForType": {
                    "$ref": "#/definitions/Descriptor"
                },
                "initializationErrorString": {
                    "type": "string"
                },
                "initialized": {
                    "type": "boolean"
                },
                "isExtension": {
                    "type": "boolean"
                },
                "namePart": {
                    "type": "string"
                },
                "namePartBytes": {
                    "$ref": "#/definitions/ByteString"
                },
                "unknownFields": {
                    "$ref": "#/definitions/UnknownFieldSet"
                }
            },
            "title": "NamePartOrBuilder"
        },
        "OneofDescriptor": {
            "type": "object",
            "properties": {
                "containingType": {
                    "$ref": "#/definitions/Descriptor"
                },
                "fieldCount": {
                    "type": "integer",
                    "format": "int32"
                },
                "fields": {
                    "type": "array",
                    "items": {
                        "$ref": "#/definitions/FieldDescriptor"
                    }
                },
                "file": {
                    "$ref": "#/definitions/FileDescriptor"
                },
                "fullName": {
                    "type": "string"
                },
                "index": {
                    "type": "integer",
                    "format": "int32"
                },
                "name": {
                    "type": "string"
                },
                "options": {
                    "$ref": "#/definitions/OneofOptions"
                },
                "synthetic": {
                    "type": "boolean"
                }
            },
            "title": "OneofDescriptor"
        },
        "OneofOptions": {
            "type": "object",
            "properties": {
                "allFields": {
                    "type": "object",
                    "additionalProperties": {
                        "type": "object"
                    }
                },
                "allFieldsRaw": {
                    "type": "object",
                    "additionalProperties": {
                        "type": "object"
                    }
                },
                "defaultInstanceForType": {
                    "$ref": "#/definitions/OneofOptions"
                },
                "descriptorForType": {
                    "$ref": "#/definitions/Descriptor"
                },
                "initializationErrorString": {
                    "type": "string"
                },
                "initialized": {
                    "type": "boolean"
                },
                "parserForType": {
                    "$ref": "#/definitions/Parser«OneofOptions»"
                },
                "serializedSize": {
                    "type": "integer",
                    "format": "int32"
                },
                "uninterpretedOptionCount": {
                    "type": "integer",
                    "format": "int32"
                },
                "uninterpretedOptionList": {
                    "type": "array",
                    "items": {
                        "$ref": "#/definitions/UninterpretedOption"
                    }
                },
                "uninterpretedOptionOrBuilderList": {
                    "type": "array",
                    "items": {
                        "$ref": "#/definitions/UninterpretedOptionOrBuilder"
                    }
                },
                "unknownFields": {
                    "$ref": "#/definitions/UnknownFieldSet"
                }
            },
            "title": "OneofOptions"
        },
        "Parser": {
            "type": "object",
            "title": "Parser"
        },
        "Parser«EnumOptions»": {
            "type": "object",
            "title": "Parser«EnumOptions»"
        },
        "Parser«EnumValueOptions»": {
            "type": "object",
            "title": "Parser«EnumValueOptions»"
        },
        "Parser«FieldOptions»": {
            "type": "object",
            "title": "Parser«FieldOptions»"
        },
        "Parser«FileOptions»": {
            "type": "object",
            "title": "Parser«FileOptions»"
        },
        "Parser«GetModelsResponse»": {
            "type": "object",
            "title": "Parser«GetModelsResponse»"
        },
        "Parser«MessageLite»": {
            "type": "object",
            "title": "Parser«MessageLite»"
        },
        "Parser«MessageOptions»": {
            "type": "object",
            "title": "Parser«MessageOptions»"
        },
        "Parser«Message»": {
            "type": "object",
            "title": "Parser«Message»"
        },
        "Parser«MethodOptions»": {
            "type": "object",
            "title": "Parser«MethodOptions»"
        },
        "Parser«NamePart»": {
            "type": "object",
            "title": "Parser«NamePart»"
        },
        "Parser«OneofOptions»": {
            "type": "object",
            "title": "Parser«OneofOptions»"
        },
        "Parser«SerializedModel»": {
            "type": "object",
            "title": "Parser«SerializedModel»"
        },
        "Parser«ServiceOptions»": {
            "type": "object",
            "title": "Parser«ServiceOptions»"
        },
        "Parser«Timestamp»": {
            "type": "object",
            "title": "Parser«Timestamp»"
        },
        "Parser«UninterpretedOption»": {
            "type": "object",
            "title": "Parser«UninterpretedOption»"
        },
        "ResponseEntity": {
            "type": "object",
            "properties": {
                "body": {
                    "type": "object"
                },
                "statusCode": {
                    "type": "string",
                    "enum": ["100 CONTINUE", "101 SWITCHING_PROTOCOLS", "102 PROCESSING", "103 CHECKPOINT", "200 OK", "201 CREATED", "202 ACCEPTED", "203 NON_AUTHORITATIVE_INFORMATION", "204 NO_CONTENT", "205 RESET_CONTENT", "206 PARTIAL_CONTENT", "207 MULTI_STATUS", "208 ALREADY_REPORTED", "226 IM_USED", "300 MULTIPLE_CHOICES", "301 MOVED_PERMANENTLY", "302 FOUND", "302 MOVED_TEMPORARILY", "303 SEE_OTHER", "304 NOT_MODIFIED", "305 USE_PROXY", "307 TEMPORARY_REDIRECT", "308 PERMANENT_REDIRECT", "400 BAD_REQUEST", "401 UNAUTHORIZED", "402 PAYMENT_REQUIRED", "403 FORBIDDEN", "404 NOT_FOUND", "405 METHOD_NOT_ALLOWED", "406 NOT_ACCEPTABLE", "407 PROXY_AUTHENTICATION_REQUIRED", "408 REQUEST_TIMEOUT", "409 CONFLICT", "410 GONE", "411 LENGTH_REQUIRED", "412 PRECONDITION_FAILED", "413 PAYLOAD_TOO_LARGE", "413 REQUEST_ENTITY_TOO_LARGE", "414 URI_TOO_LONG", "414 REQUEST_URI_TOO_LONG", "415 UNSUPPORTED_MEDIA_TYPE", "416 REQUESTED_RANGE_NOT_SATISFIABLE", "417 EXPECTATION_FAILED", "418 I_AM_A_TEAPOT", "419 INSUFFICIENT_SPACE_ON_RESOURCE", "420 METHOD_FAILURE", "421 DESTINATION_LOCKED", "422 UNPROCESSABLE_ENTITY", "423 LOCKED", "424 FAILED_DEPENDENCY", "425 TOO_EARLY", "426 UPGRADE_REQUIRED", "428 PRECONDITION_REQUIRED", "429 TOO_MANY_REQUESTS", "431 REQUEST_HEADER_FIELDS_TOO_LARGE", "451 UNAVAILABLE_FOR_LEGAL_REASONS", "500 INTERNAL_SERVER_ERROR", "501 NOT_IMPLEMENTED", "502 BAD_GATEWAY", "503 SERVICE_UNAVAILABLE", "504 GATEWAY_TIMEOUT", "505 HTTP_VERSION_NOT_SUPPORTED", "506 VARIANT_ALSO_NEGOTIATES", "507 INSUFFICIENT_STORAGE", "508 LOOP_DETECTED", "509 BANDWIDTH_LIMIT_EXCEEDED", "510 NOT_EXTENDED", "511 NETWORK_AUTHENTICATION_REQUIRED"]
                },
                "statusCodeValue": {
                    "type": "integer",
                    "format": "int32"
                }
            },
            "title": "ResponseEntity"
        },
        "SerializedModel": {
            "type": "object",
            "properties": {
                "allFields": {
                    "type": "object",
                    "additionalProperties": {
                        "type": "object"
                    }
                },
                "defaultInstanceForType": {
                    "$ref": "#/definitions/SerializedModel"
                },
                "descriptorForType": {
                    "$ref": "#/definitions/Descriptor"
                },
                "initializationErrorString": {
                    "type": "string"
                },
                "initialized": {
                    "type": "boolean"
                },
                "lastModified": {
                    "$ref": "#/definitions/Timestamp"
                },
                "lastModifiedOrBuilder": {
                    "$ref": "#/definitions/TimestampOrBuilder"
                },
                "metadata": {
                    "type": "object",
                    "additionalProperties": {
                        "type": "string"
                    }
                },
                "metadataCount": {
                    "type": "integer",
                    "format": "int32"
                },
                "metadataMap": {
                    "type": "object",
                    "additionalProperties": {
                        "type": "string"
                    }
                },
                "modelId": {
                    "type": "string"
                },
                "modelIdBytes": {
                    "$ref": "#/definitions/ByteString"
                },
                "parserForType": {
                    "$ref": "#/definitions/Parser«SerializedModel»"
                },
                "serializedSize": {
                    "type": "integer",
                    "format": "int32"
                },
                "type": {
                    "type": "string"
                },
                "typeBytes": {
                    "$ref": "#/definitions/ByteString"
                },
                "unknownFields": {
                    "$ref": "#/definitions/UnknownFieldSet"
                }
            },
            "title": "SerializedModel"
        },
        "SerializedModelOrBuilder": {
            "type": "object",
            "properties": {
                "allFields": {
                    "type": "object",
                    "additionalProperties": {
                        "type": "object"
                    }
                },
                "defaultInstanceForType": {
                    "$ref": "#/definitions/Message"
                },
                "descriptorForType": {
                    "$ref": "#/definitions/Descriptor"
                },
                "initializationErrorString": {
                    "type": "string"
                },
                "initialized": {
                    "type": "boolean"
                },
                "lastModified": {
                    "$ref": "#/definitions/Timestamp"
                },
                "lastModifiedOrBuilder": {
                    "$ref": "#/definitions/TimestampOrBuilder"
                },
                "metadata": {
                    "type": "object",
                    "additionalProperties": {
                        "type": "string"
                    }
                },
                "metadataCount": {
                    "type": "integer",
                    "format": "int32"
                },
                "metadataMap": {
                    "type": "object",
                    "additionalProperties": {
                        "type": "string"
                    }
                },
                "modelId": {
                    "type": "string"
                },
                "modelIdBytes": {
                    "$ref": "#/definitions/ByteString"
                },
                "type": {
                    "type": "string"
                },
                "typeBytes": {
                    "$ref": "#/definitions/ByteString"
                },
                "unknownFields": {
                    "$ref": "#/definitions/UnknownFieldSet"
                }
            },
            "title": "SerializedModelOrBuilder"
        },
        "ServiceDescriptor": {
            "type": "object",
            "properties": {
                "file": {
                    "$ref": "#/definitions/FileDescriptor"
                },
                "fullName": {
                    "type": "string"
                },
                "index": {
                    "type": "integer",
                    "format": "int32"
                },
                "methods": {
                    "type": "array",
                    "items": {
                        "$ref": "#/definitions/MethodDescriptor"
                    }
                },
                "name": {
                    "type": "string"
                },
                "options": {
                    "$ref": "#/definitions/ServiceOptions"
                }
            },
            "title": "ServiceDescriptor"
        },
        "ServiceOptions": {
            "type": "object",
            "properties": {
                "allFields": {
                    "type": "object",
                    "additionalProperties": {
                        "type": "object"
                    }
                },
                "allFieldsRaw": {
                    "type": "object",
                    "additionalProperties": {
                        "type": "object"
                    }
                },
                "defaultInstanceForType": {
                    "$ref": "#/definitions/ServiceOptions"
                },
                "deprecated": {
                    "type": "boolean"
                },
                "descriptorForType": {
                    "$ref": "#/definitions/Descriptor"
                },
                "initializationErrorString": {
                    "type": "string"
                },
                "initialized": {
                    "type": "boolean"
                },
                "parserForType": {
                    "$ref": "#/definitions/Parser«ServiceOptions»"
                },
                "serializedSize": {
                    "type": "integer",
                    "format": "int32"
                },
                "uninterpretedOptionCount": {
                    "type": "integer",
                    "format": "int32"
                },
                "uninterpretedOptionList": {
                    "type": "array",
                    "items": {
                        "$ref": "#/definitions/UninterpretedOption"
                    }
                },
                "uninterpretedOptionOrBuilderList": {
                    "type": "array",
                    "items": {
                        "$ref": "#/definitions/UninterpretedOptionOrBuilder"
                    }
                },
                "unknownFields": {
                    "$ref": "#/definitions/UnknownFieldSet"
                }
            },
            "title": "ServiceOptions"
        },
        "Timestamp": {
            "type": "object",
            "properties": {
                "allFields": {
                    "type": "object",
                    "additionalProperties": {
                        "type": "object"
                    }
                },
                "defaultInstanceForType": {
                    "$ref": "#/definitions/Timestamp"
                },
                "descriptorForType": {
                    "$ref": "#/definitions/Descriptor"
                },
                "initializationErrorString": {
                    "type": "string"
                },
                "initialized": {
                    "type": "boolean"
                },
                "nanos": {
                    "type": "integer",
                    "format": "int32"
                },
                "parserForType": {
                    "$ref": "#/definitions/Parser«Timestamp»"
                },
                "seconds": {
                    "type": "integer",
                    "format": "int64"
                },
                "serializedSize": {
                    "type": "integer",
                    "format": "int32"
                },
                "unknownFields": {
                    "$ref": "#/definitions/UnknownFieldSet"
                }
            },
            "title": "Timestamp"
        },
        "TimestampOrBuilder": {
            "type": "object",
            "properties": {
                "allFields": {
                    "type": "object",
                    "additionalProperties": {
                        "type": "object"
                    }
                },
                "defaultInstanceForType": {
                    "$ref": "#/definitions/Message"
                },
                "descriptorForType": {
                    "$ref": "#/definitions/Descriptor"
                },
                "initializationErrorString": {
                    "type": "string"
                },
                "initialized": {
                    "type": "boolean"
                },
                "nanos": {
                    "type": "integer",
                    "format": "int32"
                },
                "seconds": {
                    "type": "integer",
                    "format": "int64"
                },
                "unknownFields": {
                    "$ref": "#/definitions/UnknownFieldSet"
                }
            },
            "title": "TimestampOrBuilder"
        },
        "UninterpretedOption": {
            "type": "object",
            "properties": {
                "aggregateValue": {
                    "type": "string"
                },
                "aggregateValueBytes": {
                    "$ref": "#/definitions/ByteString"
                },
                "allFields": {
                    "type": "object",
                    "additionalProperties": {
                        "type": "object"
                    }
                },
                "defaultInstanceForType": {
                    "$ref": "#/definitions/UninterpretedOption"
                },
                "descriptorForType": {
                    "$ref": "#/definitions/Descriptor"
                },
                "doubleValue": {
                    "type": "number",
                    "format": "double"
                },
                "identifierValue": {
                    "type": "string"
                },
                "identifierValueBytes": {
                    "$ref": "#/definitions/ByteString"
                },
                "initializationErrorString": {
                    "type": "string"
                },
                "initialized": {
                    "type": "boolean"
                },
                "nameCount": {
                    "type": "integer",
                    "format": "int32"
                },
                "nameList": {
                    "type": "array",
                    "items": {
                        "$ref": "#/definitions/NamePart"
                    }
                },
                "nameOrBuilderList": {
                    "type": "array",
                    "items": {
                        "$ref": "#/definitions/NamePartOrBuilder"
                    }
                },
                "negativeIntValue": {
                    "type": "integer",
                    "format": "int64"
                },
                "parserForType": {
                    "$ref": "#/definitions/Parser«UninterpretedOption»"
                },
                "positiveIntValue": {
                    "type": "integer",
                    "format": "int64"
                },
                "serializedSize": {
                    "type": "integer",
                    "format": "int32"
                },
                "stringValue": {
                    "$ref": "#/definitions/ByteString"
                },
                "unknownFields": {
                    "$ref": "#/definitions/UnknownFieldSet"
                }
            },
            "title": "UninterpretedOption"
        },
        "UninterpretedOptionOrBuilder": {
            "type": "object",
            "properties": {
                "aggregateValue": {
                    "type": "string"
                },
                "aggregateValueBytes": {
                    "$ref": "#/definitions/ByteString"
                },
                "allFields": {
                    "type": "object",
                    "additionalProperties": {
                        "type": "object"
                    }
                },
                "defaultInstanceForType": {
                    "$ref": "#/definitions/Message"
                },
                "descriptorForType": {
                    "$ref": "#/definitions/Descriptor"
                },
                "doubleValue": {
                    "type": "number",
                    "format": "double"
                },
                "identifierValue": {
                    "type": "string"
                },
                "identifierValueBytes": {
                    "$ref": "#/definitions/ByteString"
                },
                "initializationErrorString": {
                    "type": "string"
                },
                "initialized": {
                    "type": "boolean"
                },
                "nameCount": {
                    "type": "integer",
                    "format": "int32"
                },
                "nameList": {
                    "type": "array",
                    "items": {
                        "$ref": "#/definitions/NamePart"
                    }
                },
                "nameOrBuilderList": {
                    "type": "array",
                    "items": {
                        "$ref": "#/definitions/NamePartOrBuilder"
                    }
                },
                "negativeIntValue": {
                    "type": "integer",
                    "format": "int64"
                },
                "positiveIntValue": {
                    "type": "integer",
                    "format": "int64"
                },
                "stringValue": {
                    "$ref": "#/definitions/ByteString"
                },
                "unknownFields": {
                    "$ref": "#/definitions/UnknownFieldSet"
                }
            },
            "title": "UninterpretedOptionOrBuilder"
        },
        "UnknownFieldSet": {
            "type": "object",
            "properties": {
                "defaultInstanceForType": {
                    "$ref": "#/definitions/UnknownFieldSet"
                },
                "initialized": {
                    "type": "boolean"
                },
                "parserForType": {
                    "$ref": "#/definitions/Parser"
                },
                "serializedSize": {
                    "type": "integer",
                    "format": "int32"
                },
                "serializedSizeAsMessageSet": {
                    "type": "integer",
                    "format": "int32"
                }
            },
            "title": "UnknownFieldSet"
        }
    }
}